customer_id,first_name,last_name,email,phone_number,address,city,state,zip_code,country,date_of_birth,gender,registration_date,status
1,Teresa,Silva,meganperkins@gmail.com,001-809-641-1608,"USCGC Ortiz
FPO AE 15097",West Leahmouth,Iowa,78906,Martinique,1971-09-09,Female,2022-07-13,Inactive
2,Nicole,Ross,utaylor@yahoo.com,001-328-569-8064,"428 Bryan Creek
East John, NH 49398",Lindseyborough,Nevada,52956,Jamaica,1980-12-31,Female,2024-06-03,Inactive
3,Lynn,Delgado,erobinson@yahoo.com,207.646.8243x12437,"28167 Hardin Gardens
West Hollyhaven, MS 09502",South Robert,Washington,37923,Saint Lucia,1956-05-17,Female,2021-06-23,Active
4,Christie,Stewart,jimenezkimberly@yahoo.com,098.936.8175,"636 Melissa Meadows
New Kristen, MS 04983",Nicholsfort,Alaska,62450,British Virgin Islands,1990-07-30,Female,2024-02-06,Inactive
5,Dominic,Vega,xsmith@knapp-smith.com,001-141-792-3338x436,"304 Washington Knoll
Jamesshire, CO 09345",North Robertmouth,Iowa,71304,Kuwait,1975-10-11,Male,2020-12-27,Inactive
6,Christina,Bennett,perezheather@jackson-gray.com,546-305-4465,"61222 Williams Gateway Suite 858
South Kim, NC 88981",Daviesville,North Carolina,99230,Mayotte,1955-10-12,Female,2021-05-11,Inactive
7,Cathy,Thompson,julia07@reed.com,039-193-2488x009,"3048 Watson Hollow Apt. 260
Kellyton, WY 04571",West Kelly,New Jersey,73946,Barbados,1971-09-06,Female,2022-01-09,Inactive
8,Janice,Powers,lisa43@gmail.com,(553)944-8929,"Unit 8263 Box 0754
DPO AA 34258",Autumnbury,Washington,49921,Afghanistan,1968-12-23,Female,2022-10-10,Inactive
9,Samantha,Williams,patriciawright@yahoo.com,217.861.6123x548,"991 Patterson Lights Apt. 567
Duncanport, MO 76794",East Troyport,Washington,15735,Brazil,1982-09-01,Female,2024-04-24,Active
10,Sandra,Rodriguez,cynthia78@goodman.com,070-949-6403x358,"78305 Nelson River
Lake Carla, TN 92528",Shelbyville,Rhode Island,86205,Uzbekistan,1959-08-05,Male,2020-09-28,Active
11,Stephanie,Flores,xelliott@mathews.com,625-454-6101,"3243 Anderson Shoals Suite 580
Lake Zacharyland, AL 82685",West Katie,Rhode Island,71180,Mauritania,1944-01-11,Male,2022-06-29,Inactive
12,David,Mack,dustin23@gutierrez.com,5398580839,"77639 April Fort
Danielborough, OR 56611",Port Marcia,Minnesota,33351,Guernsey,1970-08-25,Male,2023-06-30,Active
13,Michael,Lee,milleralexander@hotmail.com,656-303-7941,"65382 Angela Garden Suite 795
Lake Jonathan, FL 18381",Davisshire,Utah,34735,Belarus,1974-11-09,Female,2020-01-30,Inactive
14,Rachel,Berry,garciajohn@schultz.info,+1-342-561-8550x111,"36625 Reed Burgs
West Michelle, RI 18301",North Christopher,Mississippi,27084,New Caledonia,1957-09-18,Female,2020-07-15,Inactive
15,Hunter,Alvarez,ericabrown@jackson.biz,208-627-5948x8907,"095 Christopher Grove
Christopherstad, IL 73560",Kyleport,New York,30743,Saint Vincent and the Grenadines,1985-03-01,Male,2023-03-19,Active
16,Benjamin,Peters,gdavis@guzman.org,069.304.8030x9665,"475 Howard Mission
Natashashire, UT 40387",Austinberg,Florida,25557,Antigua and Barbuda,1974-08-31,Male,2023-08-21,Active
17,Glenn,Lynn,ninakim@gmail.com,(322)360-9944,"1749 Stacey Roads Apt. 176
Stephaniebury, TX 79659",Mitchelltown,Idaho,48451,Liberia,2003-09-16,Male,2023-03-21,Inactive
18,Taylor,Hahn,owong@rodriguez-franklin.org,(624)121-5315,"USNV White
FPO AP 77846",Jamesshire,West Virginia,46861,Grenada,1945-07-20,Male,2021-04-11,Active
19,Caleb,Wright,daniellejefferson@green.org,+1-751-511-1663x233,"1150 Barnes Branch Suite 173
Phillipsview, IN 22399",Klinehaven,Alabama,20414,Ireland,1975-09-20,Male,2021-06-13,Inactive
20,Walter,Shelton,hwilliams@fowler-martinez.info,(335)489-7830,"90571 Frank Streets Apt. 387
South Victoriafurt, VA 86706",South Douglas,Rhode Island,77723,Swaziland,1995-04-30,Female,2020-01-18,Inactive
21,Katrina,Stone,robert70@hotmail.com,(588)323-6255x7276,"74014 Pamela Via
East Ashley, SD 06346",West Sarahchester,Georgia,96908,Falkland Islands (Malvinas),1991-05-13,Female,2023-09-04,Inactive
22,Rachael,Harrington,erik05@hotmail.com,+1-716-949-2887x888,"876 Brett Springs
North Laurie, MI 02460",Nelsonview,Iowa,37291,Niger,1970-10-27,Female,2021-08-27,Active
23,Jesse,Owens,hillmichael@ellis.biz,(688)007-0265x224,"4691 Kristina Union
Vargasville, KS 31241",Travisstad,California,22237,Liberia,1962-02-15,Female,2023-09-12,Active
24,Joseph,Lambert,nmarshall@hotmail.com,5357434131,"913 Robert Villages Apt. 842
Taylorview, GA 43519",Jacquelineborough,Missouri,40220,Estonia,1949-10-08,Female,2022-07-27,Active
25,Angelica,Sanders,ethanhernandez@gmail.com,1586673646,"001 Shawn Garden
East Kyle, GA 73792",Frychester,Arkansas,05588,Serbia,1998-12-02,Female,2020-04-01,Active
26,William,Wade,arthurhenderson@everett-allen.com,068.446.5805x9227,"207 Lisa Manors Apt. 995
Contrerasview, ND 77177",East Kayla,Indiana,15239,Croatia,2002-05-10,Female,2020-02-19,Inactive
27,Steven,Lopez,anthonygregory@young-love.net,032-515-3962,"01146 Jacobs Shoal Suite 849
Odonnellfort, RI 27548",West Donaldside,New Jersey,39519,Central African Republic,1977-01-04,Male,2021-09-30,Inactive
28,Jorge,Aguilar,brenda23@hotmail.com,389.460.4221x5448,"8525 Elaine Summit
Tammyside, GA 77738",West Pamela,West Virginia,17024,Hungary,1951-03-15,Male,2024-06-20,Inactive
29,Cheryl,Gould,christine26@ayala-allen.com,332.747.2174x296,"432 Ellen Throughway Apt. 914
New Charlenetown, MI 95571",Aaronbury,Hawaii,76424,Slovenia,1951-02-19,Male,2022-06-21,Active
30,Carolyn,Cruz,bryantmichael@gmail.com,552.125.6190x30898,"3203 Theresa Landing
East Frankberg, OH 57406",Matthewsland,Iowa,12612,Lesotho,1961-03-17,Female,2020-02-15,Inactive
31,James,Ortiz,xmoore@yahoo.com,769.917.4669x015,"894 Susan Views
East Lisa, MS 28151",North Courtney,Oklahoma,26176,Mali,1948-05-07,Male,2021-03-11,Active
32,Mark,Clark,patrickgonzalez@whitaker.net,670.605.6424,"593 Frederick Trail Apt. 115
Martinezmouth, VT 28034",West Beverly,North Dakota,94504,Thailand,2004-05-14,Male,2022-07-29,Active
33,Stephanie,Riley,leslie02@hotmail.com,(229)726-4192,"910 Kelly Grove
Sullivanmouth, WV 82301",New Michael,California,95965,Czech Republic,1960-11-03,Female,2023-02-02,Active
34,Elizabeth,Anderson,tbrady@fleming-herrera.com,861.016.4669,"724 Beck Station Apt. 834
Lake Joseph, GA 54389",South Robert,Florida,26367,Czech Republic,1954-12-21,Female,2020-05-13,Inactive
35,Alexander,Richardson,schmidtbrooke@yahoo.com,(812)086-7220,"2669 Kendra Expressway Apt. 985
New Anita, VA 26103",North Paulview,Ohio,65998,Thailand,1998-11-17,Male,2020-06-14,Active
36,Donna,Gibson,paul48@yahoo.com,+1-123-328-4326x229,"887 Barbara Road
Michaelborough, IA 99584",Warrenview,Delaware,29101,Brazil,1961-02-19,Male,2022-01-25,Active
37,Jonathan,Koch,jessica97@galloway.com,(726)736-9639x379,"96729 Gardner Trail Suite 411
South Jamesland, AR 25962",Evansmouth,Massachusetts,38851,Albania,1957-04-16,Male,2020-03-07,Inactive
38,Michelle,Gutierrez,abrown@mcgee.com,3194095457,"01414 John Row
Ramseyborough, ND 37447",Markberg,Colorado,10339,Malaysia,1971-08-24,Female,2024-01-26,Active
39,Joseph,Santiago,lamberttheresa@knight.com,001-715-642-0535x590,"7911 Wright Extension
West Tammy, MO 75982",Lambertview,Kentucky,30072,Wallis and Futuna,1952-02-25,Male,2020-08-10,Active
40,Diane,Harper,annaberger@hays.org,(530)211-0711x3317,"Unit 0993 Box 5918
DPO AA 65171",Port Kimberly,Tennessee,82210,United States of America,1967-02-05,Female,2023-02-04,Inactive
41,Sheryl,Rice,mwolfe@smith.biz,819-595-6340,"68401 Webb Points
Susanmouth, SC 02910",Port Bethtown,Missouri,37439,Portugal,1984-01-16,Female,2022-03-21,Active
42,Pamela,Hernandez,timothyjacobs@rodriguez.org,(360)129-9773,"85088 Morrison Turnpike Apt. 536
North Carmentown, NE 82771",West Noahton,Wisconsin,51959,Pakistan,1959-01-13,Male,2020-02-17,Active
43,Christopher,Cruz,ymiller@hotmail.com,(539)340-2250x877,"23367 Tammy Villages
Townsendborough, MN 47201",West Erin,Maine,38209,Hong Kong,1966-01-10,Male,2023-12-12,Inactive
44,Shane,Johnson,alishawn@hotmail.com,115.757.0715,"54912 Green Squares
New Stephaniemouth, DC 98113",East Richard,Ohio,59589,Guernsey,1967-03-26,Male,2022-08-23,Inactive
45,Stacy,Gallagher,james54@henderson.org,(041)657-0977,"7572 Haley Village
North Christopherton, IL 03605",Jenniferfort,Tennessee,41464,Malaysia,1975-07-18,Female,2022-09-29,Inactive
46,Matthew,Peters,pittssamantha@hotmail.com,002.287.7522x53136,"916 Kevin Canyon
Pamelachester, IL 13851",Port John,Mississippi,19466,Togo,1993-12-26,Female,2023-07-20,Active
47,Travis,Barnes,madeline91@gonzales.com,(559)348-2278x63031,"51915 Joseph Plain Apt. 446
Hardingburgh, NJ 50521",Robertstown,Wisconsin,43801,Nauru,1986-08-28,Male,2022-03-02,Active
48,Gloria,Martinez,dorothy93@gmail.com,(258)729-1228x8816,"Unit 3810 Box 7456
DPO AE 89524",Ritterville,Virginia,22629,Gibraltar,1975-03-21,Female,2022-11-14,Active
49,Thomas,Brown,haroldduarte@hudson.com,316.177.1939,"98818 Jason Street
North Stevenborough, SC 13910",Martinstad,Alabama,26504,United Arab Emirates,1954-06-26,Male,2022-10-19,Active
50,Nicole,Padilla,kimberlyharvey@hotmail.com,531-642-4424x02782,"8336 Harris Mills Apt. 503
Kristinshire, OR 25196",Port Jamesborough,Missouri,81110,Kazakhstan,1961-01-04,Male,2023-08-12,Inactive
51,Andres,Bryant,fmyers@carter.biz,(962)081-5491x806,"94328 Hernandez Glens Suite 908
West Stephanieland, MS 02540",Lake Michelle,Mississippi,39653,Estonia,1946-12-10,Male,2020-08-22,Active
52,Priscilla,Campbell,christianpatricia@gmail.com,652.815.0501x157,"13771 Alexandra Camp
South Stephanie, HI 55121",Johnstad,Maine,81074,Lithuania,1945-12-21,Male,2022-05-06,Inactive
53,Shawn,Bender,rhamilton@myers-wang.com,454.187.5871,"195 Pineda Plains Suite 141
Ericside, KY 42285",Amymouth,Mississippi,08294,Dominica,2001-02-05,Female,2020-10-17,Active
54,Frank,Ramirez,benjamin51@rhodes.net,548-107-3431x576,"895 Allen Greens Suite 934
Codystad, AZ 46896",North Joshua,Pennsylvania,92975,Hong Kong,1988-04-29,Female,2022-11-23,Inactive
55,Travis,Smith,dixonmatthew@yahoo.com,8267826392,"56996 Schmitt Pass Apt. 906
South Don, RI 15429",Romeroland,Nevada,49232,Equatorial Guinea,1954-07-16,Male,2024-01-22,Active
56,Joseph,Jennings,qjohnson@gmail.com,001-554-146-9985x1018,"666 Blair Garden
Mirandaville, DC 98634",Debrashire,North Dakota,83821,Azerbaijan,1980-09-26,Female,2020-08-31,Inactive
57,Angela,Reyes,shawn25@riley.com,954-851-1791,"798 Graham Plains
Port Brandonview, OR 58477",South Anna,North Carolina,92459,French Polynesia,1971-05-17,Female,2023-01-26,Inactive
58,Sharon,Franklin,mkent@hotmail.com,+1-991-962-1311,"171 Kristen Mill
Port Michael, NY 54152",Vanessaville,Washington,11563,Guinea-Bissau,1967-10-04,Male,2022-10-19,Active
59,Elizabeth,Murphy,jill02@yahoo.com,001-028-308-9749x968,"346 Jeffrey Ridges
West Jamie, NH 67952",Quinnville,Connecticut,52363,Netherlands Antilles,1947-09-02,Female,2021-07-11,Active
60,Selena,Benitez,carlwilliams@gmail.com,556-887-5695x5428,"35738 Fisher Forest
Woodton, WA 74383",Samuelchester,South Dakota,22783,Marshall Islands,1949-09-19,Female,2023-11-15,Inactive
61,Cody,Frazier,leah72@wilson-rodriguez.com,479.108.7409x885,"500 Robinson Mews
East Jasmineberg, IA 06771",Carterhaven,Louisiana,61098,Grenada,1978-12-14,Female,2020-04-16,Inactive
62,Zachary,Harrison,tara00@gmail.com,161-687-3581x889,"781 Smith Branch
New Stanley, AL 24675",Atkinsbury,Tennessee,50805,Syrian Arab Republic,1974-08-03,Female,2021-06-02,Inactive
63,Kristine,Frazier,sarah49@yahoo.com,5339948584,"07985 Danielle Knolls
New Matthew, MS 33334",Deanberg,Mississippi,66458,Greenland,1947-06-03,Male,2023-10-25,Active
64,Michael,Young,jayenglish@gmail.com,+1-609-360-3190,"840 Christine Union Suite 503
New Christina, MN 55071",Robertville,Missouri,11965,Bulgaria,1952-10-30,Female,2022-06-20,Active
65,Alexander,Lee,john56@hopkins-rivera.info,(459)996-8444x6332,"007 Rodriguez Stravenue
West Kathryn, OH 58517",Harrisstad,Connecticut,77624,Hong Kong,1965-06-24,Female,2022-02-18,Active
66,Ryan,Thomas,jonathan54@gmail.com,001-714-850-6475x0604,"03817 Ryan Mountains Suite 202
Donaldport, AL 52720",Bushmouth,New York,86491,Malawi,1989-05-01,Female,2021-12-18,Inactive
67,Cory,Kelley,lance22@hotmail.com,+1-645-499-3785x4750,"28430 Scott Estates
Chavezside, TN 00991",Lake Katherine,Montana,06817,Nepal,1986-02-08,Male,2023-01-21,Inactive
68,Jennifer,Murphy,tyler21@jones.net,001-597-143-0405x9577,"2362 Luna Junctions Suite 928
Lake Davidbury, IN 60288",Christinebury,California,57911,Syrian Arab Republic,1967-08-27,Male,2022-12-27,Active
69,Stephen,Jarvis,favila@gmail.com,807-324-7545x5918,"5022 Smith Pass Suite 293
Curryside, PA 53849",Port Joseph,Texas,31483,Croatia,1977-05-04,Male,2023-06-26,Inactive
70,Allison,Olson,hartzoe@gmail.com,+1-928-633-7264x07217,"USCGC Sanders
FPO AA 78221",New Keith,Wyoming,93342,Ecuador,1973-04-05,Male,2020-09-26,Active
71,Kenneth,Willis,melissa95@gmail.com,3418851452,"14015 Joy Causeway
Chambersborough, DC 85550",North Nicole,Rhode Island,37300,Australia,1971-05-07,Male,2022-10-16,Active
72,Samuel,Moore,urandolph@edwards.info,001-121-286-3034,"687 Katie Crescent
North Debra, KS 25913",Greeneville,Tennessee,71286,Saint Helena,1999-02-20,Male,2023-07-01,Inactive
73,Kathleen,Jensen,ywilliams@yahoo.com,499.890.7149x2069,"0603 Jeanette Trail Suite 471
East Timothy, PA 52974",Victorialand,Utah,55921,Swaziland,2004-11-01,Female,2023-07-12,Active
74,Stephen,Logan,clarkangela@hotmail.com,966.598.9194,"Unit 8904 Box 6983
DPO AP 08373",Smithville,Idaho,13089,Sweden,1947-08-23,Male,2020-12-10,Active
75,Miguel,Taylor,vickiprice@hotmail.com,9829926485,"00439 Watson Falls
North Cody, DC 37901",Gutierrezport,California,30500,Nauru,1991-09-10,Male,2021-06-04,Inactive
76,Sally,Simon,matthewpeterson@hotmail.com,+1-840-877-6611x121,"3196 Ibarra Isle Apt. 659
Garyburgh, CT 58357",Dawnfurt,Arkansas,66915,Jersey,2006-05-02,Female,2021-09-01,Active
77,Peggy,Morse,linda60@gmail.com,140.808.4106x0506,"475 Baldwin Ford
Port Ryanberg, CO 46373",Port Rebecca,South Carolina,09514,Saint Barthelemy,1995-07-16,Male,2023-11-25,Inactive
78,Kyle,Hill,eryan@garza.com,(068)664-2896,"91051 Cross Mountains
Lake Harry, ME 85465",Hardinland,Florida,61577,Djibouti,1999-02-25,Female,2020-10-14,Active
79,Christina,Johnson,barbaramitchell@pruitt.org,637-872-5254,"404 Lucas Station
West Katherineborough, MT 45114",Allenstad,Wisconsin,18316,New Zealand,1945-09-19,Female,2022-03-14,Inactive
80,Robert,Lopez,xmoss@yahoo.com,535-083-2143x63075,"967 Timothy Street Apt. 517
Christinaville, TN 31818",Rhodesborough,Florida,57987,Western Sahara,1951-03-29,Female,2022-05-18,Active
81,Corey,Medina,fgalvan@hotmail.com,(318)807-9546,"5322 Dickerson Radial
East Michelleborough, RI 06162",Courtneyburgh,Colorado,39309,Chad,1979-10-06,Female,2020-12-23,Inactive
82,Christopher,Peterson,ppearson@hotmail.com,294.796.1389x341,"93214 Williams Terrace
South Lisa, IL 52770",Lake Kimberlyberg,Texas,31687,Greenland,1957-10-09,Female,2023-11-25,Active
83,Zachary,Salazar,williamschad@hotmail.com,+1-812-062-7003x002,"PSC 6837, Box 0630
APO AP 89586",East Meagan,Kentucky,88640,Angola,2002-01-30,Male,2023-05-24,Inactive
84,Christopher,Haas,andrewjohnson@yahoo.com,378-228-1819x643,"3910 Sparks Bridge Suite 908
Port Corey, ID 69851",Bryanton,Colorado,18428,Switzerland,1981-08-04,Female,2020-11-08,Active
85,Daisy,Phelps,fsanchez@yahoo.com,+1-012-898-1352x94563,"898 Cruz Lakes Apt. 736
Charlestown, OR 71014",Timothybury,Kansas,13173,Senegal,2001-04-14,Female,2021-05-05,Active
86,Justin,Henry,shannon83@yahoo.com,(739)420-1954x623,"9366 Anderson Centers
Hayesville, NH 70237",Timothymouth,Illinois,31974,Kiribati,1971-05-28,Female,2023-08-21,Active
87,Peter,Sims,carrie56@gmail.com,(226)338-9482x882,"229 John Light Suite 247
Williamsburgh, MI 26287",Thomasfort,Connecticut,54382,British Virgin Islands,1975-06-10,Male,2022-04-15,Inactive
88,Ashley,Wright,williammiller@hotmail.com,001-792-212-6652x9576,"792 Antonio Loaf Suite 324
Jenniferland, WA 21504",Bryanville,Wyoming,87476,Ukraine,1983-10-27,Female,2021-08-05,Inactive
89,Christopher,Brown,dlarsen@griffin.com,370.713.8122,"93053 Brooke Path
East Blakebury, AK 87508",North Michael,West Virginia,78462,Bangladesh,1984-04-11,Male,2023-06-06,Active
90,Nicole,Miller,bvazquez@sweeney.biz,+1-576-990-8633x1305,"35448 Randy Streets Suite 950
Freemanshire, LA 08763",Bradyborough,Washington,54167,Japan,2003-01-25,Male,2021-04-12,Inactive
91,Denise,Jones,nancymcmillan@ellis.com,+1-756-128-1763x53247,"56669 Stark Springs
West Barbara, WV 57850",Port Kimberlyberg,New Jersey,43790,Namibia,1995-11-29,Male,2023-10-15,Inactive
92,Cody,Potter,elizabeth75@carney.com,+1-310-540-6689x61592,"0124 Trujillo Club
Lake Tracey, AL 98925",Francisstad,Illinois,40270,Kenya,1997-01-30,Male,2020-05-28,Inactive
93,Alexandra,Kim,denise22@cruz-torres.biz,(971)438-9925,"964 Jessica Pike
Lake Jesseport, AL 00863",Dantown,Kentucky,66152,Latvia,1970-11-26,Male,2024-04-20,Active
94,Ryan,Wells,joneshannah@wallace.com,+1-493-177-4686,"6201 Megan Tunnel Suite 266
Port Maryton, DC 13853",New Sydneyhaven,Montana,98482,Central African Republic,1957-06-24,Female,2020-04-28,Active
95,Joshua,Smith,thomas45@gmail.com,570-741-1357x252,"378 Ashley Club Apt. 776
Lake Shannon, NE 81649",Rodriguezside,North Dakota,46342,Cambodia,1945-05-06,Female,2023-02-23,Inactive
96,Rebecca,Rhodes,ckelly@baker.com,557-325-4079x15047,"74023 Malone Well
Christophertown, WV 25113",West Graceland,Maryland,41792,Niger,2004-10-04,Female,2021-12-16,Inactive
97,Charles,Chen,craigmiller@hotmail.com,(519)054-5593x6327,"3018 Johnson Track
West Jason, VA 63779",New James,Nebraska,12631,Norfolk Island,2001-10-20,Male,2022-03-27,Inactive
98,Madeline,Brown,dudleydanielle@fritz.com,001-057-772-6274x2823,"58710 Laura Crescent
North Kaylaburgh, SC 84718",Dawnbury,Rhode Island,87247,Senegal,1954-08-01,Male,2022-05-25,Active
99,Melissa,Werner,emoore@gmail.com,+1-660-913-6043x20888,"91425 Mcclain River
South Biancahaven, MN 16073",East Sara,Montana,70578,Montenegro,1954-07-06,Female,2022-11-25,Inactive
100,Ashley,Nguyen,fbrown@gmail.com,049.164.0209x234,"25969 Kevin Spurs Suite 025
Darrellbury, MN 41902",Hannahville,Arkansas,94444,Zimbabwe,1977-10-26,Female,2024-05-09,Inactive
101,James,Johnson,david83@hotmail.com,993.329.5128x9632,"185 Payne Plain
Dicksonmouth, AZ 36122",Jacobtown,Hawaii,14685,Papua New Guinea,1987-04-10,Male,2024-06-05,Active
102,Edward,Johnson,thomaswilliams@hotmail.com,119-856-7155,"206 Kristen Locks
Lake Samuelton, AZ 25759",Matthewhaven,Massachusetts,60916,Costa Rica,1986-11-05,Male,2023-04-09,Active
103,Robert,Perry,martincarlos@nelson-francis.biz,2247877302,"8362 Goodman Mount Apt. 784
Turnerburgh, CT 36758",Elizabethhaven,Wisconsin,36122,Liechtenstein,1983-08-16,Male,2021-06-18,Active
104,Jocelyn,Brooks,rachel97@hotmail.com,7136173248,"8343 Miller Ranch
Lake Michelle, MI 15241",East Shawnside,Oregon,87622,Puerto Rico,1983-02-14,Female,2020-05-20,Active
105,Melanie,Parsons,benjaminharris@yahoo.com,(483)090-0468x710,"USNS King
FPO AP 91343",Roberthaven,Maine,72469,Solomon Islands,1996-07-01,Male,2023-01-10,Active
106,Jonathan,Stewart,ybenton@baker.com,(152)299-8684,"7892 Chapman Wall
Lake Joshua, MO 56749",Dianastad,Rhode Island,85092,Guatemala,1946-02-26,Male,2022-08-26,Inactive
107,Kyle,Thompson,josephnguyen@hotmail.com,(351)594-6198x364,"3358 Wilson Circles Suite 256
Fraziermouth, NV 13176",Lake Sherryfurt,Ohio,42912,Saint Kitts and Nevis,1986-06-05,Male,2020-08-21,Active
108,Daniel,Williamson,walkerjulia@gmail.com,041.867.3425x60808,"8248 Amber Dam
Port Nathanton, NH 04817",Theresaport,Washington,77565,Hungary,1950-05-26,Female,2022-03-05,Active
109,Jennifer,Walker,pamela32@solis.org,6931367196,"9631 Black Lake
Davismouth, KS 70994",Justinmouth,North Dakota,35256,Oman,1974-02-08,Female,2023-04-24,Active
110,Maria,Edwards,melissadaniels@nelson.com,001-807-804-8539,"672 Samantha Pass
Pettyfort, SC 35705",East Davidbury,Arkansas,49770,Botswana,1963-05-18,Male,2021-04-08,Inactive
111,Angela,Wagner,fernandezcody@ochoa-fleming.biz,001-421-610-4294x452,"57838 Brian Vista
Rhondatown, LA 15716",Lake Jamie,New Mexico,44729,Kuwait,2001-06-29,Male,2022-06-13,Inactive
112,Susan,Nunez,carolmeyer@ibarra-owens.com,+1-264-525-6479x4938,"7154 Quinn Pass Apt. 653
New Graceberg, ME 02543",Port Christian,Iowa,31049,Sao Tome and Principe,1968-03-10,Female,2023-02-02,Inactive
113,Glenn,Mcdaniel,martinezdanielle@hotmail.com,+1-573-147-3860,"5091 James Hill Apt. 268
Frankland, AZ 16685",Port Alexandria,Delaware,94501,Czech Republic,1984-06-16,Female,2023-11-18,Active
114,Joshua,Wolfe,dakota34@yahoo.com,001-102-781-8721x249,"9871 Stephen Gateway
Keithhaven, DE 86673",Williambury,New Jersey,58169,Isle of Man,1997-11-26,Female,2022-08-30,Inactive
115,Monica,Roth,elizabethbradley@brown.com,(187)085-2887x422,"PSC 9149, Box 6382
APO AA 69130",Jamesfort,South Dakota,10821,Saint Lucia,1982-11-02,Female,2020-03-31,Active
116,Sandra,Jenkins,sherrimclaughlin@gmail.com,+1-796-150-7947x736,"729 Harrison Vista
Jonesstad, MO 02306",East Michael,Arizona,01431,India,2002-06-12,Male,2021-01-21,Inactive
117,Sheila,Mann,hrios@spencer.com,5884835400,"83088 Ross Canyon Apt. 051
East Christian, RI 46663",Ryanhaven,Texas,52571,Falkland Islands (Malvinas),1960-05-13,Male,2020-04-12,Active
118,Lorraine,Scott,amber08@gutierrez.com,+1-410-156-9173,"7517 Richard Shoals
West Nicholas, IN 81832",Jennifermouth,Nebraska,27066,Anguilla,1968-05-08,Male,2020-03-21,Active
119,Monica,Higgins,ramirezmary@henry.com,881.985.5594x306,"87030 Knight Lake
Rosalesshire, AK 52009",Port Michelle,Mississippi,44045,Holy See (Vatican City State),1978-10-01,Male,2021-01-26,Active
120,Timothy,Sullivan,joseph46@mcdonald-mata.info,(920)669-7214x3589,"1037 Freeman Green
West Ashleyport, MO 57534",Welchland,Kansas,77277,Holy See (Vatican City State),2006-03-25,Female,2023-05-06,Active
121,Samuel,Kirby,guzmanmichael@williams.com,086-146-0668,"357 Joe Creek Apt. 400
Cummingsbury, IN 19382",Robynport,Wisconsin,79097,Mauritania,1998-12-26,Male,2022-02-24,Active
122,Richard,Ryan,marylawrence@hotmail.com,(395)228-5446x97232,"9195 Andres Ridges
Porterport, OH 59926",North Williamstad,Washington,43688,Sao Tome and Principe,1957-06-07,Female,2022-03-19,Active
123,Carrie,Gibson,reginabradley@yahoo.com,937-217-2746x5570,"6351 Bryant Mall Suite 805
South Jennifertown, NH 39159",Markview,Iowa,24237,Portugal,2000-06-29,Female,2022-06-08,Inactive
124,Melanie,Gallagher,bruceramos@gmail.com,(207)852-0870x2505,"81319 Kathleen Bridge
Mcmahonside, MT 47198",North Martin,California,59618,Mali,1963-04-21,Female,2020-05-19,Inactive
125,Corey,Atkins,tammy22@bailey.com,001-006-600-3093,"35145 Gonzalez Place
Paulburgh, KY 56109",East Timothy,Illinois,86732,Falkland Islands (Malvinas),1955-12-29,Female,2021-09-08,Active
126,Gary,Alexander,cgallagher@gmail.com,701-653-6069x87785,"6999 Campbell Light
East Angelica, KS 11039",Jamieport,Massachusetts,85380,New Zealand,1982-03-28,Male,2024-02-11,Inactive
127,David,Horne,davidgregory@morgan.com,740.245.6803x5825,"PSC 5210, Box 1408
APO AE 26298",West Stevenchester,Arizona,15442,Netherlands,1966-04-10,Male,2020-04-23,Inactive
128,Zachary,Ford,amber20@allison.com,427.951.1805x852,"20985 Evans Field Apt. 297
Amandaville, MT 87387",East Robertberg,South Carolina,02162,Guadeloupe,1982-03-21,Female,2023-03-27,Inactive
129,Dana,Wyatt,rosariodana@valdez-robertson.com,153.746.1476x60303,"258 Alvarez Place
Jessicaland, AR 43420",Vaughnview,Vermont,75887,Cameroon,1986-01-05,Female,2023-09-28,Active
130,Justin,Schmidt,millsdavid@bishop-brooks.com,273-998-8702x248,"0912 Mcguire Burg Suite 737
New Ronald, VA 59315",Port Mark,Montana,07035,Brazil,1995-12-07,Male,2024-02-25,Active
131,Suzanne,Villegas,lisa19@moran.com,0925806971,"54166 Castillo Stream Apt. 663
New Christopherside, KS 72080",Lake Sarah,New Hampshire,64703,Saint Martin,1996-04-03,Female,2022-09-17,Inactive
132,Scott,Williams,melissa89@sullivan-schneider.com,(511)110-0129,"PSC 7263, Box 9901
APO AA 30641",Marioport,Vermont,22954,Romania,1995-01-21,Male,2023-03-01,Inactive
133,Mitchell,York,sgonzales@robinson.com,001-839-488-7056x57933,"18236 Martin Gardens Apt. 077
West Eric, GA 44963",West William,New Mexico,34246,Mongolia,1979-11-17,Male,2022-08-29,Active
134,Kevin,Hernandez,ghawkins@goodwin.com,001-008-567-9955x56413,"Unit 7280 Box 4301
DPO AE 30575",East Jennifer,Montana,91123,Guyana,1970-06-17,Male,2023-12-08,Active
135,Diane,Mclaughlin,owensshannon@yahoo.com,5019056581,"5371 Karen Mews Suite 871
East Elizabethport, IL 87783",Colemanbury,Virginia,20639,United States Minor Outlying Islands,1987-03-11,Male,2020-08-28,Inactive
136,Destiny,Walsh,amy97@hotmail.com,+1-012-191-0203x1937,"PSC 3364, Box 6303
APO AE 96969",Smithfort,Alaska,66819,United States Minor Outlying Islands,1988-08-07,Male,2023-08-07,Inactive
137,Deborah,Johnson,adam03@barnes.com,+1-623-201-6361x521,"966 Jones Rest Suite 288
West Briantown, NY 81277",New Justinchester,Hawaii,34354,Congo,1982-04-25,Female,2020-03-20,Active
138,William,Landry,annperez@ramos-williams.com,001-810-206-2306,"225 Allen Views
New Johnberg, MN 40930",Cindyton,Delaware,35060,Netherlands,1989-02-04,Female,2020-11-22,Active
139,Cheyenne,Delacruz,mcclainmichael@peterson-boyd.com,061.943.9397,"024 Perry Village Suite 037
North Kathrynview, MS 92934",North Karen,North Dakota,02865,Poland,1990-04-18,Female,2023-05-02,Active
140,Amy,Campbell,howardjohn@hotmail.com,1669277926,"368 Martinez Centers Apt. 430
West Kennethbury, LA 04517",Hudsonmouth,Kentucky,61460,Pakistan,1980-06-27,Male,2021-07-17,Active
141,Ryan,King,theresacollins@rodriguez.com,001-787-364-5665x783,"861 William Row Suite 898
Browntown, MA 17619",Monicafurt,Arkansas,51241,Tokelau,1970-10-17,Female,2023-04-06,Active
142,John,Evans,brandoncarter@jones.net,(030)013-7816x282,"19127 Wesley Bypass Apt. 494
South Katherine, KS 65205",Port Rachelside,Connecticut,61210,Holy See (Vatican City State),1966-07-16,Female,2022-03-05,Inactive
143,Jasmine,Black,xjohnson@yahoo.com,001-512-037-0592x9264,"USCGC Smith
FPO AA 64243",East Christinefurt,Kansas,20997,Aruba,2002-05-22,Male,2023-08-26,Active
144,Katherine,Miller,michelle74@thompson-stone.net,854-503-6097x4162,"10060 Sarah Walk Suite 608
Harrismouth, ME 22523",Saundersfurt,Oregon,60281,Sudan,1995-08-03,Female,2021-07-11,Active
145,Annette,Cameron,teresawilson@hotmail.com,406-344-7611,"4105 Lisa Road
East Tiffanyville, IL 59647",Port Ryanland,Louisiana,77084,Uzbekistan,1955-10-22,Female,2021-02-14,Inactive
146,William,Wilson,megan07@yahoo.com,+1-321-130-0897x078,"PSC 4682, Box 7852
APO AA 77385",Lake Matthew,Vermont,24103,French Polynesia,1964-02-21,Female,2020-12-17,Inactive
147,Erin,Bauer,david63@yahoo.com,035-539-0000x9180,"25080 Scott Dam Suite 702
South Tonychester, OK 03079",North Matthew,Michigan,39790,Antarctica (the territory South of 60 deg S),1955-08-22,Female,2024-01-18,Inactive
148,Andrea,Nguyen,jarviscynthia@gmail.com,(750)986-5609,"321 Kayla Bridge
North Michelle, DE 35918",Lake Randyshire,North Dakota,85411,Paraguay,1983-01-24,Male,2020-10-31,Active
149,Bianca,Mcdaniel,lisa75@hotmail.com,(901)948-5616,"16505 Justin River
Port Patricia, NY 10744",West Oscar,Maryland,46384,Norfolk Island,1990-07-07,Female,2021-12-23,Inactive
150,Victoria,Novak,pamela74@thomas-davis.info,001-193-093-0365x7832,"USS Rodriguez
FPO AA 87747",Lake Adam,Nevada,86846,Kuwait,1947-04-30,Female,2023-05-19,Inactive
151,Rachael,Webb,sarahcole@patrick.info,(638)133-5679x0096,"9904 Tonya Cliff
North Crystal, NC 55391",Juliemouth,Wisconsin,43667,Guernsey,1991-07-10,Male,2021-08-08,Inactive
152,Connie,Holder,mvaughn@gmail.com,+1-949-380-1736x10144,"60206 Kirby Glen
Frankbury, NE 55667",Johnmouth,Georgia,24543,Costa Rica,1953-05-15,Female,2024-01-08,Active
153,Brandon,Stevens,carl11@yahoo.com,617-533-3622x64066,"933 Keith Cliff Apt. 858
East Kristi, GA 97472",Austinbury,California,80958,Wallis and Futuna,1986-03-18,Female,2024-02-29,Inactive
154,Eric,Flynn,vasquezjennifer@hotmail.com,001-372-578-8490,"58820 Nicholas Knolls
Deanview, WY 71835",Hebertbury,South Dakota,20011,Saint Kitts and Nevis,1973-08-05,Male,2021-09-14,Active
155,Brandon,Bond,esparzamary@gmail.com,001-112-307-2953x5148,"848 Juan Lake Apt. 424
South Kimberly, AR 05089",East Richard,Kansas,78204,Costa Rica,1974-06-24,Male,2021-07-27,Active
156,Kathy,Ramirez,juliecross@gmail.com,877-818-1641,"USS Stuart
FPO AA 78978",Michelleview,Pennsylvania,34064,Liberia,2005-02-13,Male,2021-12-18,Inactive
157,Jennifer,Gibson,allenelliott@herrera-cole.com,987.178.2881x4785,"478 Adams Street
East Gerald, SD 91485",North Jodychester,Hawaii,95104,Reunion,1966-03-27,Female,2024-02-19,Inactive
158,Anna,Smith,pstuart@ellis-calderon.org,2136826279,"621 Clark Course Apt. 820
Walterhaven, VT 00729",Gonzalezmouth,West Virginia,04858,British Virgin Islands,1995-03-31,Male,2021-12-16,Inactive
159,Deborah,Miller,uray@gmail.com,874.485.2167,"1201 Elizabeth Crescent Suite 691
North Jamesborough, LA 37001",North Bradley,New York,93009,Tokelau,1954-08-09,Female,2020-11-19,Inactive
160,Mary,Sanchez,gmurphy@yahoo.com,(662)847-0434,"41769 Schneider Plains Apt. 460
East Michaelbury, MN 30348",Hansenton,Alaska,25771,Antarctica (the territory South of 60 deg S),1999-07-09,Female,2021-05-29,Active
161,Mary,Ayala,fitzpatrickmatthew@garcia.com,465-098-5805x167,"168 Ariel Vista Apt. 245
Patrickmouth, NJ 46607",Port Tiffanyhaven,Wisconsin,53937,Sao Tome and Principe,1983-09-25,Male,2024-03-09,Active
162,Steven,Skinner,markrogers@yahoo.com,397-095-6751,"373 Timothy Trace
New Garybury, MT 61856",Odomland,Virginia,89456,Bosnia and Herzegovina,2004-10-17,Female,2020-12-27,Active
163,Megan,Jones,danielmartin@miranda-freeman.com,0229291546,"6447 Proctor Burgs Apt. 010
Port Hannah, MN 17453",Emilyberg,Nebraska,76526,Bahamas,1987-08-12,Female,2020-03-19,Inactive
164,Corey,Beasley,johnsondavid@kirk-braun.com,+1-945-626-5731x64751,"0017 Gutierrez Forks
New Alicia, KY 22082",West Michaelside,Connecticut,65813,Cameroon,1982-03-23,Male,2021-05-24,Inactive
165,Michael,Rogers,allenmichelle@gmail.com,839.683.5720,"75463 Marshall Key Apt. 004
Justinton, HI 24228",Yatesshire,Louisiana,97913,Lao People's Democratic Republic,1973-08-19,Female,2022-03-09,Active
166,Jason,Tran,malik98@santiago.com,910.316.7129,"773 Gregory Estate Suite 674
New Jackchester, AR 24399",North Douglaschester,North Dakota,55432,United States of America,1977-01-15,Male,2022-10-04,Inactive
167,Danielle,Jackson,wilkinsonkristie@stephens-cortez.com,8121625977,"3968 Lam Place Suite 316
South Raymond, MI 89300",Shepardmouth,Utah,38403,Mauritius,1954-05-11,Male,2024-04-17,Inactive
168,Patricia,Horton,lauratorres@hotmail.com,001-197-669-4028x6208,"25543 Ryan Islands Suite 920
Juliaton, CO 46820",New Matthew,South Carolina,26976,Kenya,1978-05-20,Male,2020-05-16,Active
169,Cristian,Lee,nclark@davis-hunter.info,+1-380-110-6287x998,"67086 Sloan Wells
Port Jennifer, TX 73998",South Richardville,Illinois,16960,Colombia,1966-11-21,Female,2021-09-05,Inactive
170,Bryan,Roberts,mibarra@gmail.com,1423534665,"1268 Melissa Meadows
Jordanport, CA 97037",Port Allen,North Dakota,74644,Isle of Man,1985-02-02,Male,2024-06-09,Active
171,William,Melton,jose82@hicks.info,244-912-4239x1053,"Unit 4571 Box 1791
DPO AE 54669",Nancyfort,Virginia,64860,Eritrea,1967-12-24,Female,2020-11-22,Active
172,Curtis,Stevenson,ambermorse@yahoo.com,020-101-7271,"45415 Darrell Glens Apt. 555
West Caroline, MD 50302",New Sheila,California,37122,Niue,1973-03-11,Male,2021-06-15,Inactive
173,Carlos,Davis,edward31@young-carrillo.com,+1-730-337-3234x118,"USCGC Goodwin
FPO AA 03096",West Brittanymouth,Colorado,48798,Ecuador,1966-10-23,Male,2022-10-07,Active
174,Brandon,Barber,david81@gmail.com,3404244767,"4623 Grace Hill Suite 070
South Catherine, MA 72707",Davidport,Georgia,10667,El Salvador,1955-01-11,Female,2021-10-21,Inactive
175,Diane,Tucker,brenda52@gmail.com,385.447.9794x59412,"2860 Holder Square Suite 645
Sydneyborough, SD 31325",Ethanshire,South Carolina,78064,Bangladesh,1961-06-15,Female,2020-12-01,Inactive
176,David,Kidd,darrellherrera@summers.com,001-848-823-8660x19981,"8215 Berry Circles
New Matthew, MN 48225",Garciachester,Nevada,11894,Gabon,1981-10-29,Female,2021-05-28,Inactive
177,Courtney,Johnson,michaelcastro@murray.com,(133)109-2806x661,"4344 Strickland Gardens
Moraton, RI 79641",Victorchester,South Carolina,26445,Algeria,1991-07-25,Female,2020-10-10,Active
178,Christine,Roberts,yelliott@hotmail.com,001-003-216-3158x402,"44903 Burns Stream
Jimenezside, AR 76274",North Steven,Iowa,15942,Zambia,2002-02-11,Female,2022-11-16,Active
179,Brent,Cummings,melissa66@jackson.com,(115)719-0172x382,"551 Nicole Extensions
South Jasonmouth, CO 39685",Matthewbury,Nebraska,94892,Barbados,2001-10-27,Male,2024-01-18,Active
180,Robert,Esparza,nwhitney@hubbard-flores.com,+1-508-521-3782x224,"40720 Marsh Walks Apt. 958
Jacksonbury, LA 28004",North Christyton,Minnesota,98138,Ghana,1995-08-27,Female,2020-01-06,Inactive
181,John,Jefferson,thomaslee@bruce.net,1009918884,"325 Bowman Villages
Josefort, OH 46387",North Vanessa,Michigan,88997,Mayotte,1970-11-27,Female,2024-03-12,Active
182,Ashley,Mccall,susancortez@torres.com,065-058-0397x79687,"USS Cox
FPO AE 53402",West Kimberlyview,New York,87995,Comoros,1945-07-05,Female,2021-09-22,Inactive
183,Anthony,Dixon,walvarez@hoffman.com,+1-401-358-4510x10010,"Unit 0955 Box 0549
DPO AP 93232",Lake Jesse,Hawaii,13671,Bermuda,1990-08-14,Female,2023-06-15,Active
184,Breanna,Summers,zvincent@yahoo.com,676.292.5669x459,"273 Castillo Rapid
West Ian, CA 24114",Morganshire,Florida,11731,Equatorial Guinea,1957-03-02,Female,2022-03-08,Inactive
185,Patrick,Joyce,jmartin@yahoo.com,739-206-8963x15513,"09810 Becker Hill
Maloneborough, MO 96699",Jasonbury,Michigan,88677,Gabon,1985-02-26,Female,2021-10-05,Inactive
186,Leslie,Simpson,rebeccali@costa.com,(723)269-6439x82850,"50021 Williams Mountains Suite 164
Smithfurt, VT 06862",Brownmouth,Utah,63937,Dominican Republic,1949-02-13,Male,2020-04-13,Active
187,Sally,Cox,bradleyblair@gmail.com,001-113-783-5990x948,"050 Blanchard Trafficway
New Donald, MA 99888",Holderchester,Texas,14394,Paraguay,1950-09-13,Female,2023-05-20,Active
188,Jessica,Carpenter,kirstenhowe@green.biz,810-947-1300x489,"2048 Michael Center
South Tina, MS 72833",East Sarafurt,North Carolina,39035,Saint Martin,1954-07-09,Male,2020-03-20,Active
189,Cynthia,Lee,jeangriffin@hotmail.com,715-958-5469x9901,"465 Lisa Loop
New Heather, MT 92027",South Ericfort,Mississippi,82899,Italy,1970-04-23,Male,2021-04-02,Active
190,Stephanie,Hernandez,vbrown@sherman.org,418-021-0052x14576,"434 Evans Inlet
South Matthew, KY 23268",Lake Kristineborough,Idaho,27890,Equatorial Guinea,1997-07-09,Male,2023-01-18,Inactive
191,Jim,Castro,marymcdonald@yahoo.com,562-931-8075x750,"988 Reed Rest Suite 049
Ortizside, KS 02584",Smithfurt,Minnesota,82109,Djibouti,1971-03-02,Male,2020-04-27,Inactive
192,Paul,Mccall,danielwilcox@gmail.com,+1-672-216-3470x08563,"410 Bowman Course
Port Ashley, CT 98713",Ramirezshire,South Dakota,97685,Bahrain,1950-07-29,Male,2022-03-27,Active
193,Brandon,Prince,harveyerin@shelton.com,(675)238-1385x6323,"148 Cole Hills Suite 972
Codybury, IL 23117",Adkinshaven,Idaho,38680,Monaco,1995-12-24,Female,2023-02-28,Inactive
194,Lisa,Scott,stacey45@yahoo.com,4932411482,"10619 Micheal Keys Apt. 496
Brittanyhaven, OH 79592",Port Robert,Maryland,84043,Sudan,1979-04-10,Male,2021-05-10,Inactive
195,Katrina,Johnson,susan60@gordon.net,(022)928-4274x363,"36323 Henry Landing Apt. 964
Janestad, OR 21287",Gonzalezville,Georgia,44432,Belgium,1978-12-26,Female,2023-05-22,Active
196,Joshua,Clay,zwilliams@richardson.net,+1-195-704-4898x755,"318 William Well Apt. 342
East Brittanyport, WV 88705",West Tracimouth,Alabama,57330,Algeria,1964-10-13,Female,2023-12-13,Inactive
197,Donna,Summers,othompson@foster.com,+1-063-604-8958x7327,"5621 Parker Drive Apt. 581
Kimberlyfort, CT 58993",Codyfort,Utah,10928,Yemen,1949-04-29,Female,2023-03-27,Active
198,Jennifer,Moore,phillip51@hunt-sims.com,4900662719,"053 Mark Vista
Laurenburgh, NE 97852",Sarahside,New Mexico,55915,Eritrea,1960-11-23,Male,2024-06-02,Active
199,Robert,Burton,kelseyroberts@ali.info,(497)490-9552,"Unit 0416 Box 8637
DPO AP 24379",Aprilfurt,Colorado,18944,Antigua and Barbuda,1979-03-13,Male,2023-08-10,Active
200,Gabriel,Graves,cramirez@yahoo.com,+1-598-404-6230,"8810 Kara Mall Apt. 204
West Teresa, DE 51597",Lucasshire,Louisiana,93179,Kuwait,2003-06-15,Female,2021-07-09,Inactive
